{
    "general": 0.3333333333333333,
    "Search": 0.3333333333333333
}